title,views
Van's RV6 Low Pass Flight at Reklaw,8.2K views
Fly-In at Reklaw 2021 - Day 1,7.9K views
Van's RV9 Flight & Pilot interview,20K views
Cessna Cub - The Ultimate Bush Plane? - Flight,130K views
OshKosh Winning V-Tail Bonanza - Flight and Interview,74K views
Cessna Cardinal 177,97K views
Piper Super Cub - The Original Bush Plane,74K views
Commuter's Airplane - Cessna 150,194K views
High Performance Cessna 172XP - Flight and Pilot Interview,83K views
Mooney M20c - Flight and Pilot Interview,132K views
Top Single Engine Airplanes for the Money!,409K views
Piper Comanche 250 - Flying at Zero Airspeed,148K views
Twin Piper Aztec - Engine Shutdown In-flight!,62K views
Pitts S2C - Aerobatic Aircraft Flight & Pilot Interview,88K views
Quest Kodiak Turboprop - Flight & Pilot Interview,86K views
Phenom 300 Jet - Flight to the Bahamas,39K views
Flying Hurricane Dorian Relief,14K views
Paragliding in Salt Lake City,16K views
First American Airlines Female Captain - Beverly Bass,29K views
Flying With A Flight Instructor,79K views
Flying Out Of Oshkosh 2019,155K views
Oshkosh 2019 Sights and Sounds,249K views
Flying To Osh Kosh 2019 in a V-Tail Bonanza,155K views
Van's RV8 - Super Fast Homebuilt Aircraft,174K views
Piper Navajo - Twin Engine Beast - Panther Conversion,430K views
Best 6 Seat Single Engine Plane? Piper Malibu,985K views
Very Light Jet - Eclipse 500 - Flight,233K views
Fastest Piston Twin - Aerostar 600,426K views
6 Seat Cessna 206 - The Stationair,339K views
No Medical Needed - Viper SD-4 Light Sport Aircraft,84K views
